categoria,% DF,% Brasil
Cirurgião Dentista,69.57470010905125,40.16610755269166
Auxiliar em Saúde Bucal,21.155943293347875,33.5084799221411
Técnico em Saúde Bucal,7.306434023991276,18.489862604649748
Técnico em Prótese Dentária,1.1995637949836424,4.7471221271706705
Auxiliar de Prótese Dentária,0.10905125408942203,1.6993984892550953
Laboratório de Prótese Dentária,0.6543075245365322,1.3890293040917394
