uf,ano,quantidade
SC,2025,1563.0
RS,2025,1520.0
PA,2025,1169.0
RJ,2025,1095.3220000000001
BA,2025,1059.437
PB,2025,968.0
ES,2025,932.0
DF,2025,917.0
PE,2025,871.1279999999999
MA,2025,766.0
RN,2025,758.0
SP,2025,748.309
PI,2025,730.0
MG,2025,716.499
MT,2025,646.0
AM,2025,619.0
AL,2025,613.0
PR,2025,611.097
CE,2025,607.0360000000001
MS,2025,595.0
GO,2025,589.185
SE,2025,533.0
RO,2025,317.0
TO,2025,304.0
AC,2025,150.0
AP,2025,132.0
RR,2025,124.0
